WKT,название,описание
"LINESTRING (49.8181379 40.4213398, 45.7096916 32.1113601, 46.1930901 39.6487829, 44.5231682 40.2886849, 47.0719963 40.2551552)",Линия 1,
